{
  "id": "disc-coveries",
  "title": "Disc-coveries",
  "version": "1.1.1",
  "compatibility": {
    "minimum": "11",
    "verified": "13"
  },
  "relationships": {
    "systems": [
      {
        "id": "discworld",
        "type": "system",
        "compatibility": {}
      }
    ]
  },
  "authors": [
    {
      "name": "CalinStar",
      "url": "https://github.com/tokeidlom/",
      "discord": "CalinStar",
      "flags": {}
    }
  ],
  "url": "https://github.com/tokeidlom/disc-coveries",
  "manifest": "https://raw.githubusercontent.com/tokeidlom/disc-coveries/main/src/module.json",
  "download": "https://raw.githubusercontent.com/tokeidlom/disc-coveries/main/package/disc-coveries-v1.1.1.zip",
  "packs": [
    {
      "name": "disc-coveries",
      "label": "Disc-coveries",
      "path": "packs/disc-coveries",
      "type": "Adventure",
      "ownership": {
        "PLAYER": "NONE",
        "ASSISTANT": "OWNER"
      },
      "system": "discworld"
    }
  ]
}